v1,v2,v3,m1,m2
-0.071919677,-1.34871194608655,0.521241425706713,-0.608655993575702,0.0605160129830175
-0.769500577,1.86000146908563,0.752974990332555,-0.370726742844561,0.0420054850538819
-0.1282724,-2.01713595397624,0.504984293150917,-0.0926564538143273,0.514156985272133
-0.80849175,2.48895374568326,0.486220300173169,-0.269891292493524,-0.181126342133321
0.467370393,-2.19876955771235,0.0228512725400359,-0.264300811216821,-0.161757202810151
-0.46976589,2.4383356882048,-0.0244865768463326,-0.0066900392033637,-0.00988242031050354
0.275324669,-1.69833991791638,-0.0533789911502502,0.231195191281482,0.432175481498314
0.143942981,1.93317284632911,-0.388514549610339,0.268129911419735,0.635839376801856
0.682032523,-1.6040354269407,-1.15129850491262,0.318932563184564,-0.40018339516155
0.43348943,1.43199455530906,-1.42562716793063,0.257068158837032,-0.402235577669336
0.802624541,-1.41835244760366,-1.52637130473893,0.11238730302186,0.171752313471952
0.294133497,1.92748202341421,-1.42017351894486,0.132954595603744,0.150495272540836
0.615902849,-1.89595292493977,-1.05226021502745,-0.19926675619276,0.00783675955087833
0.257215106,1.59769362786447,-1.29289910094421,-0.270095640589928,-0.394631835602768
1.017530769,-2.00654346604961,-1.3141536527223,-0.102612644134383,-0.109669566856652
0.759669362,1.93166538546031,-1.49041574810347,-0.176413142729448,-0.163265488547106
0.714544128,-2.23430556145219,-1.51315912525178,-0.207808378239893,0.471291528546
0.606973192,1.93408978338331,-1.63144253410577,0.322287001192371,-0.277109652691882
0.67772014,-1.95284756477323,-1.54206653249428,0.222560528450066,-0.0995540975836111
0.757473517,1.72359793118674,-1.72866463378928,-0.220053825929341,-0.0156852914357424
1.362699054,-1.64322219726911,-1.65414223274271,-0.221090479506154,0.0968595013046003
0.515248424,1.42893603858483,-1.55165590440614,0.533633308261853,-0.0465274246380129
1.536638342,-1.28462938222763,-1.1057640116879,-0.542216821462432,-0.357898376232986
0.619874598,1.70777084178044,-1.03198182855048,-0.699801924133373,0.924871799837794
1.973387945,-1.72724819953421,-0.913447942992986,0.152400584156192,-0.28439833298636
1.071827345,1.39640111923024,-1.02292603346188,0.275979422887828,0.0324866852994944
2.302038224,-1.5272306189884,-0.225237421693218,-0.6008369853025,-0.530789688472318
1.365089886,0.899238103361834,0.433463472030314,-0.0809598181975738,0.468076764899722
1.78192743,-0.582272927470196,0.52308419533249,-0.375406599729886,0.0729342324203416
0.775062149,0.0493026581940784,0.309305023218283,-0.340902807211933,-0.160244339635669
1.513033229,0.0553749625711315,-0.450913827962119,0.0443441779190368,0.599118652475311
0.973805635,-0.109140217564293,-1.36868412985945,0.347005082471363,-0.340401939540905
0.767976506,0.185200233175893,-1.69122790232052,0.0349767924422371,-0.141568141397343
0.6740471,-0.0165941879362897,-1.47406275418475,-0.144490530577781,0.616515194971589
0.233178006,-0.410466484357103,-1.17799557062003,-0.137773861181573,-0.607012339074684
0.389457107,0.353631932411941,-0.824802061673962,0.0155186941265222,0.136970633502495
0.384210425,-0.596776518506167,-0.93019386093384,0.214638550992592,0.233307430349038
0.494644827,0.150053461462791,-1.07690763683413,-0.375612590081132,0.598877119917726
0.117319373,-1.08028088353781,-1.06763595100869,-0.300381333335552,-0.429133763714206
0.405281663,0.560467948107563,-0.765823134312535,-0.378422027748363,0.620784022388423
0.065180241,-0.333042446176639,-0.957590430637752,-0.223258204703975,0.0871682291806082
0.597539065,0.471382930505843,-0.836066561210526,-0.154780750017913,0.230295149017709
0.226303283,-0.556954463280409,-1.04358658028844,0.07718343338603,-0.357985581321184
0.619117123,0.142125626127436,-1.52453958919073,-0.289608855683618,0.670544609351656
-0.133030854,0.278221323406868,-1.9039225996498,-0.0953115674119652,-0.122605250239053
0.62021531,-0.236064527486056,-2.27813121744502,-0.164893934394104,-0.661178916439661
-0.084036393,-0.305112629472462,-2.20160369177883,0.331141947871464,0.37519308688119
0.292006438,-0.204451106617349,-2.28107908994148,0.146718257804067,-0.275874801270958
0.146613517,-0.280919979191875,-2.0394999882547,0.066393082322529,0.876091565020373
0.450461542,-0.313257892003592,-1.98275754985635,-0.00531530745951964,-0.768519270795998
0.817178999,0.379682814085983,-1.8132886079188,-0.166595939795888,-0.216559894701305
0.596109241,-0.00984720960530699,-1.51491466079392,-0.0275387324554549,-0.244125040734573
0.760397069,0.000566144312120599,-1.56518865235703,-0.0310077680983982,0.604456025111564
0.918724387,-0.376232808436019,-1.48714602098131,-0.513148051284967,-0.468824006201902
0.760370905,0.350674644163249,-1.12864330652838,0.454235732223345,0.428321082656585
0.649425708,-0.294731842557617,-0.54307456912861,-0.0623872701125007,-0.228283991513986
1.044159467,0.466431464007126,0.388021542493376,-0.388384912645722,-0.0705936163712163
0.918015911,-0.327572681294554,0.769451444404341,0.050443872811906,-0.248470760718518
0.645476974,0.408667578449177,0.930881661645832,0.0924818889318662,-0.321128899953438
1.346977519,-0.247887654738964,0.937643709882424,0.561840607049437,0.191136022183995
1.130032997,0.356089964801423,0.617081438358532,0.252787927819412,-0.128654543703885
0.932576102,-0.380447158999786,0.609089887451141,-0.116446919992007,-0.22038004550356
0.685718116,0.167857329983754,0.338047331928605,-0.027990414888467,0.878358927182036
0.899191982,-0.479371723197486,-0.216175111889624,-0.415242705036869,-0.326662445557999
0.720759104,0.39325929557219,-0.313529465461365,-0.151592278437512,0.1323541771302
1.174655553,-0.532888095926927,-0.192904129260432,-0.0160097663385655,-0.0373111981377532
1.005103178,1.20329121040117,-0.580749536511842,0.103422639073816,0.132169292490718
1.502620114,-0.847429303204966,-0.675735284129404,0.56711827310873,-0.153583889705519
0.717727887,0.94004087133134,-0.626842675994683,0.677522007952199,0.0983006342454412
1.648699423,-1.14374727656826,-0.573596750131396,-0.292012316609106,0.196900404843053
0.465312086,1.22987725152607,-0.215924564302734,-0.868970879730535,-0.402057293359737
1.797919146,-1.83554248891305,0.0650385246142806,-0.215336909208068,-0.259706699970969
0.559249865,1.81028525339501,0.426546203503766,0.561666228525769,0.518279621232408
1.821706151,-1.31809492173705,0.711609002039006,0.140967390229319,-0.233794075007076
0.289128904,1.53583926576964,0.0884844944623797,-0.203142342184719,-0.177266733901199
2.382861344,-1.83064450679069,-0.396738677499634,0.569727842139992,0.495834752781001
0.641577276,1.43162986551116,-0.18418222815715,0.302872052376013,-0.360461539247519
2.824285771,-2.12917006370347,-0.297981162821538,-0.806256068259142,0.00342195677243562
1.012454481,1.30723028941288,-0.34646728836717,-0.352005354639645,-0.0361707007060909
3.303244857,-2.04620305745037,-0.583659674217807,-0.056650755686293,-0.293649446922296
1.456412722,1.13219294118237,-1.14158120073529,0.202396944746805,-0.160946272476036
3.427047086,-0.96073150910542,-0.769828358223413,-0.00126925833994855,0.280084018153001
1.457514483,0.752912826760305,-0.510799452064304,0.0679156505907228,0.234482705819797
3.23112795,-0.931823784216746,0.0185616007921142,0.520269345097198,0.193964168405743
1.439969178,0.883049514202436,-0.261530251333796,0.170417334296366,-0.107819060439963
3.393519706,-0.670027262062648,0.0658661362389191,0.108756532306334,0.321636061436591
1.312534637,0.879019867390355,-0.257965294973994,-0.56438126288379,-0.786026065390397
2.989508671,-1.06437311160335,-0.333834618272283,-0.643979376382503,0.157369915083532
1.049898523,1.23434224699059,0.00643947875060058,-0.48314088464335,-0.170461691464736
3.105395523,-1.2330368614883,0.0624685055266008,-0.45031510254443,0.317971257151001
1.115544064,0.946484373980031,-0.171583103983736,-0.178459432801932,-0.0588228715847869
3.163309917,-0.89394451473754,-0.713755485564027,-0.088509408175992,-0.0411353917447869
0.75333269,1.17314351422122,-0.829699528437506,-0.395900695156673,0.0997119264147082
2.288222008,-0.430464542320182,-0.933363871702013,-0.233776288267914,-0.11703202709059
0.563999939,0.622735559519265,-0.921433151743498,0.103413158071198,0.397146257033133
3.126837477,-0.621757920249967,-1.02969985779317,-0.223301831018568,-0.363565175896329
1.192045308,1.07253778563313,-1.00404454432011,0.512541644770238,-0.189114323598403
3.396536568,-0.425823830047191,-0.688658081212602,0.24695403908362,0.508710712130931
1.152366871,0.574958598804495,-0.263511351135913,-0.661554857898128,-0.435138655545102
3.702183423,-0.364113925023978,-0.276243118635841,0.00492881369606957,0.117517165569356
0.893926243,-0.00151329181601878,-0.341226454141901,-0.282534721991376,-0.0833339462607059
3.755843699,0.227154524179098,-0.832107334374061,-0.471049720767952,-0.210669485240293
1.031726523,-0.784559192775799,-0.464078414244102,0.182816269153198,0.202236239412695
3.944652462,1.11047072013232,-0.391385590114183,-0.287958493023214,0.35786780651697
1.39476768,-1.00780834379423,-0.490104787577104,-0.635662864613108,-0.0885660279802109
4.225143047,1.50346849390422,-0.463057914529008,-0.000772567451858525,-0.331880492805411
2.193572594,-1.04058864550772,-0.707853167327044,0.769977513405285,0.359049330305551
4.470823116,0.646544958293716,-0.657727645542152,0.277180799622898,-0.0710244579436683
1.725091855,-0.976943926565216,-0.626681508987668,-0.484838277252311,-0.805083667154877
4.189809478,0.845765622545752,-0.902907794028307,-0.342548526822585,0.255268059937988
1.377377011,-1.0607889259503,-0.58179250633523,0.258228322403882,0.187532654499858
3.758168385,0.780443398863296,-0.20243123830291,0.532533582926986,-0.26729299065296
1.090016337,-0.492650667383439,0.393748225583045,0.684629641251517,0.272241666481311
3.528317188,0.60346004883768,0.631145321300076,0.107907122598828,-0.0456218375386333
1.447370247,-0.828723233129952,0.896906267128086,-0.641759876779385,-0.117298696101745
3.308903794,0.503303685618189,1.04237694847101,-0.138290443551104,0.101309083408275
1.884459368,-0.916666756715388,1.37640596893434,-0.101692086204849,-0.451951739620121
3.541374769,1.24092161928609,1.59238934485675,0.352188485154659,0.647278693947081
2.335572841,-1.47901205617531,1.73916676846091,0.356405381154325,-0.372421417551582
3.445746082,1.34884086457493,1.3106007538802,0.0782108002027392,-0.243469734621018
2.510786275,-1.69130407718947,1.45546953985506,0.0207934262775082,0.327977586168037
2.986579852,1.65489303525244,1.50431405449712,-0.287349935562544,-0.342767320866675
2.868343606,-1.36092536754136,1.32077547620946,-0.064742921101523,0.0185902770453441
2.935982587,1.73804254395795,0.702344720246821,0.0326967365156413,0.478847962294742
2.531016319,-1.1622756875069,0.508830462736748,0.0886599834434687,0.259966219377339
3.095586386,1.49291967174746,0.918908339569938,0.105275664597243,0.0467946791130138
2.526050588,-1.88147065785843,0.701021113985071,0.212947559759612,-0.419476484836312
3.162396985,2.10441605356947,0.685417423977246,-0.151509498988642,-0.39417879755327
2.566395451,-1.82451568470324,0.524177656328563,-0.417806918375923,0.251235150888716
3.449605986,1.58283478296409,0.606853054759814,-0.381415365548371,-0.362505102156588
2.911575586,-1.20872258134651,0.214617642664375,0.631886068545924,0.573794654840581
3.555707232,1.04604395566858,0.147385746646661,0.877119522681977,-0.197428994580947
3.255599534,-1.61323817105859,-0.196657317992107,0.475270445142131,-0.0734436054656995
3.635834218,1.7091392178639,0.203878022822019,0.235429066441638,0.128740516557746
3.790814518,-1.7066893153767,0.123064066595478,-0.364809871753991,-0.622856978425436
4.021380242,1.52437241569716,-0.449151388925648,-0.523505827653356,0.686523367210967
3.611216282,-1.68285423007922,-0.675739617080477,-0.649009379683345,-0.127532851267067
3.982533222,2.06703880102972,-0.900018684553293,-0.134293590208081,-0.194323856098093
4.017259808,-1.33497693258653,-0.564228226798585,-0.398383662033617,0.511242423676019
4.457928961,1.26338532611531,-0.263783724992934,-0.781945095440622,-0.369101667921456
4.210109847,-1.34853891285076,-0.645137445019613,-0.561315411647684,0.522456501474439
4.349389775,1.25914427406277,-0.893338305884472,0.217102035163414,0.106304766292613
4.542117915,-1.38106485321268,-0.715169581911417,0.358574272474225,-0.443904977797263
4.120330826,1.81825139522282,-0.774332743400462,0.00246888841781277,1.26526784151716
3.641788547,-1.09131493435822,-0.686855954209199,-0.0611519513056453,-0.619642020717637
4.031034711,0.839002723771268,-0.650197804785292,0.608715881867174,0.0112577067230214
3.610409052,-1.04641777237139,-0.407243130611907,-0.340755812185694,0.0603478571505704
4.149395281,1.46334825381607,-0.672061999317015,0.317007148994231,0.642549971614155
3.903692159,-1.71110352207182,-0.643419714615853,-0.220572541010306,-0.339596873670405
4.026826813,0.807048854504532,-0.827788626145992,0.0970193721310926,0.228939484797006
3.802702619,-1.107791460634,-1.05629357757392,0.50998046950767,-0.164419227645525
3.882125485,1.78499786876687,-1.30738115423286,0.42058939506194,0.0470821997375591
3.810280651,-2.11071284231443,-0.921682406982102,-0.0682136128639325,0.200806357113204
4.062068807,1.37481647059597,-0.900217319776964,-0.255080772314606,-0.295168528554967
4.344433892,-1.36868648590776,-0.54791686269197,-0.144714889292767,-0.0108193187793944
4.057939319,1.16230348624604,-0.515707475684426,-0.0640841426661366,0.421844842746881
4.364218229,-1.20443089932831,-0.806226706023434,-0.0598039257863507,-0.310460013808842
3.836807956,1.21238228447657,-1.33678732659,-0.0165344148489098,0.0974983246616271
4.196228976,-0.912971445722275,-1.37338578800479,0.0408457700927628,0.0282067476188843
3.827894792,0.275325801119249,-1.58186046211939,-0.395059469794202,0.203332585775131
3.513040488,-0.822303008641893,-1.74060241198714,-0.23908729454756,0.24450184777566
3.557208342,1.29967758912928,-1.69541168396993,-0.196334305372609,0.117524195853988
3.282178102,-1.03436639586951,-1.65353562424611,0.165419462473215,0.344989883056044
3.684549675,0.682260497802081,-2.45494606590767,-0.0753726660958254,-0.352665901259745
3.324953126,-0.580445539132816,-2.74911186456527,-0.119117747868855,-0.36267856352264
3.736927584,1.07280448307566,-2.38684630350286,0.247463210046064,-0.292177070555697
3.07306893,-0.82188909044015,-2.38760737509244,0.490892629288735,-0.302622471475185
3.459553361,0.593861654575399,-1.90051719638168,-0.035893478846437,0.227258460832603
3.307643919,-0.360542548058024,-1.02279971242892,0.0688485130596712,-0.257848127646189
3.267303588,0.301589056212138,-0.858933534272976,0.532256583015204,0.574788414349873
3.407717738,-0.650450638026973,-1.3237594093987,0.558523940941497,-0.272541525944342
3.169425678,0.510004212496014,-1.40322825445708,-0.270001228010784,0.124020747254036
3.278716809,-0.196290127166499,-1.87702337499174,-0.345986002650741,0.0712091567699975
3.131682828,-0.420904197104117,-2.14086811512879,-0.0753662633712679,-0.428450686865806
3.493894879,0.747113933843548,-2.18727181317496,-0.0510832557902951,0.11244268372687
3.432985187,-0.973234302294167,-2.55063686628378,0.10522992883067,0.407868284662907
3.721551762,1.07889246034801,-1.68103989328668,0.231320817960709,-0.00797650372433045
3.199163673,-1.11906106695463,-1.53462820659424,-0.0455745867691571,-0.0710584475371217
3.311672426,1.19720581838325,-1.5305968803921,0.0302750018316505,-0.158097045371438
3.528662904,-0.7801581534717,-1.64939648357289,0.383446783541578,-0.114017883936342
3.538801137,0.840422819510116,-1.83052287768886,0.0209126214065865,-0.291109452160909
3.662112712,-0.363030797937075,-1.85788034797449,0.27715691820192,0.36178646692019
3.764112868,0.560467783503782,-1.83541888047928,0.396115444770066,0.293975956722431
3.587445271,-0.889365920784579,-2.38382472326771,0.653241274571261,-0.423215461201877
4.089041164,0.336504184860562,-2.6078490394423,0.742449254042608,0.0495696121353585
3.531597467,-0.580643085279053,-2.73490324767553,0.400536313202314,-0.26254033029229
3.763309275,0.0191170797445875,-3.00328391994176,-0.301999389048204,0.160592168067439
3.659812474,-0.278392697950935,-2.79058173812244,-0.631722758812631,-0.202706725610137
3.407867283,0.194166647317072,-2.71498887612224,-0.722784601453268,-0.193229924487434
3.498369021,-0.177229101022526,-2.04908160700944,-0.116262365972379,-0.00897189611253379
3.637828954,0.0103356726460733,-1.8830925053027,0.167231008294836,-0.265051750838378
3.528597174,0.0825849789356115,-1.86176367258107,-0.112920209596047,0.159330347278558
3.282771073,-0.424510047946448,-1.73014088431293,0.0617225758565003,0.139386658116503
3.116054014,-0.0399885377002492,-1.45796368635074,0.25886439345026,0.0912112001568915
2.586044268,0.217238854119989,-1.43272166966515,-0.17886381057793,-0.056150810349139
2.986942974,0.0328484631868125,-1.10686521821031,-0.0476983967410154,-0.174438939464286
2.662302712,-0.0869830985348689,-0.679173120935562,0.590100668829746,0.172534793794707
3.007898692,-0.237313709392104,-0.349218118425342,0.643726439942248,-0.100257070089101
2.719279281,0.63240150545549,-0.145731762380414,0.391490959336197,0.266809860326177
2.820462511,-0.494409923853905,-0.340925564890632,0.373042126755521,-0.382236235989726
2.857944716,0.232073407350184,-0.00861335979026556,0.164191970977656,-0.136812015396313
2.808671726,-0.148494739192732,0.371906774813544,0.0191562806306756,0.447478072763411
2.970706761,0.552899592876301,1.085760999305,-0.687546216064268,0.320372963454226
2.72047276,-0.314081568392948,1.19978098327234,0.137839836047235,-0.414412998085466
2.368641883,0.681567905962996,1.53259198355647,0.338164354659197,-0.0274402928013727
2.456240555,-0.836251316183143,1.70322196591336,0.590404429481669,0.185200698041789
2.544787974,0.917143817218011,2.16290079658069,-0.198203894045779,0.698497604132653
2.421547143,-0.643327872989572,1.93383687308871,-0.284022358680044,-0.0389406943107354
2.106664704,0.934013368872745,1.5442807764802,-0.281594880402683,-0.0475639534983995
2.790693121,-0.346835625678422,0.994772391758448,-0.470698726775357,-0.496875134641164
2.711987273,0.526620646569683,1.05725997465725,-0.49192711062383,0.253131587079101
2.981157321,-0.597665284976727,0.746595176847195,0.00867410128384957,-0.167080361633612
3.028889425,0.548915702063126,0.591732464152176,-0.123186975678985,-0.933751455629524
3.158508438,-0.459912375472242,0.887883849337444,0.2530638946471,-0.0153098198931934
3.082575509,0.356012035189571,0.773152512918014,-0.407098904280014,0.297641380550197
3.039670029,-0.567097510313854,0.451627483932053,-0.306077092316921,0.310361813978285
3.517470107,-0.135720715690724,0.130905355131667,-0.0886530086131546,-0.25452548606672
2.922904773,0.40387902028555,-0.316370069768454,0.191899455745671,0.190861740318983
3.063472365,-0.320062707525264,-0.664950996574291,0.124314042446924,-0.476715407030793
3.060141717,0.246220024958558,-0.371028074598241,-0.353237119917904,-0.105695974361643
2.781016141,0.186866522191197,-0.645223192014212,-0.286976630001911,0.369318763983215
3.048721238,0.126947196545994,-0.916072929082248,-0.0998606672082847,0.174335157818998
3.435947968,0.634868171562486,-0.544123815924961,-0.474153096406777,0.155008365946024
3.138354763,-0.467070115908553,-0.946748999372782,-0.613980165330375,-0.90785844125037
3.708389123,0.906716282079758,-1.22885221966444,-0.121947002000813,-0.0602778144343427
3.467157406,-1.13689239824163,-0.937282285099373,0.51967194406928,0.456222274668217
3.433625424,1.09758134978669,-1.06063203823443,1.15290469000468,-0.53398585459976
3.629794704,-1.0776956317971,-1.03937907189106,0.183036806170952,0.122394021220092
3.499818145,1.40129632056922,-1.4766734026291,-0.334637768535058,0.0785806899148222
3.691806108,-1.48495553460554,-1.53589663895807,-0.158059879575208,-0.346919905488144
3.553394199,1.02060250821851,-1.71292864352497,-0.102221811666298,-0.176059396226797
4.116516072,-0.959964392504592,-1.53520054941925,0.206994113636796,-0.0902113234780346
3.465944161,1.29577538691434,-1.51580351907581,0.10081722920962,-0.150159449280134
4.2058123,-1.47525588428545,-0.980232973695683,0.372514927629458,-0.5223037391817
3.512055152,1.13299714254491,-0.658021260760459,-0.0817745599008851,0.758242841738762
3.770585783,-0.935414033071324,-0.42626395392734,0.048335367745335,-0.360856768310895
3.90928953,1.27136169679414,-0.340866558936995,-0.127325543081204,-0.162273351791763
3.259514136,-1.23749935989676,-0.191860009293341,-0.430872009347237,0.82689858032167
3.733811702,1.0409970689627,0.217813422183039,-0.490476244642336,-0.519021537410235
3.446114677,-1.07953959486929,0.419574594386247,-0.616985755689258,0.526563014411005
3.75548539,1.03131766797537,0.0399870779511239,0.0456661314236999,-0.110853520452469
2.858870856,-0.997456448795326,-0.0715795712169242,0.0706105346445966,0.140668689594838
3.792856566,0.89909899779726,-0.628264377342962,0.0656030114154416,-0.123235901322543
2.818696534,-1.0905780891502,-1.04663158292781,-0.847641222659801,-0.291104980533587
3.699809507,1.11991751706729,-1.02676036505425,-0.332440959695142,0.636834572110499
2.64912473,-0.846281489800368,-0.343824314071233,0.504765754268724,0.0320507728548471
3.784968459,1.0610918167547,-0.208515913505262,0.571980381546943,-0.24030670823718
2.530263563,-1.80116322123564,-0.0846831461892105,0.14236593972719,-0.536344374092057
3.592490784,1.53377608481741,0.200755194991137,-0.140491121238871,0.366688388509186
2.271023987,-1.56275092818239,-0.542273126818634,-0.0835746762731057,-0.126888321155951
3.853961143,1.71765924922303,-0.885191489984024,0.0381367474941396,0.121235063456507
2.014256238,-1.55536146966642,-0.768887177863662,0.189087917379375,0.228128306571179
3.896209198,1.47844359223603,-1.0534522728912,0.127025224109478,0.514013732623205
2.696349423,-1.84761476914903,-0.518473951826292,-0.403342128529875,-0.463848838879119
4.027169535,1.40885785869034,-0.259071908413116,-0.534748107035911,-0.270632057456411
2.329386686,-1.49399747938755,-0.608265114778396,-0.422983814041854,0.392726800159685
4.656573872,1.95798482730132,-0.715506822454296,0.275035305338894,-0.182080160075442
2.448057918,-1.79257866947061,-0.915244681491523,-0.285272616652114,0.0409486545278798
4.843612961,1.72987280455712,-1.24367562663748,-0.262404262644698,0.428906891713134
2.399134879,-1.84008785643626,-1.13050226959009,0.325913843361873,-0.418201260993008
4.577843031,1.93744031075116,-0.99475959553124,0.25296490344689,0.480055184948586
2.27313935,-1.87875085982586,-1.07874813630384,0.188270806167219,0.168758503845908
4.338725096,1.75333148970477,-1.04282970260501,-0.00854872615631996,0.340830044352856
1.748004255,-1.46100685144107,-0.989955980065946,-0.650931250887237,-1.05581670283204
3.633907726,1.31389360605924,-1.03218102887842,-0.511324900343408,0.293605663113366
1.863274654,-1.10824520142054,-1.29726080748683,-0.594460895095006,0.265308620218926
3.253870149,1.55476032581638,-1.48190302566878,0.173956407388769,-0.518218863905969
1.593287961,-0.977598828735328,-1.07841266856833,0.317089763631104,-0.0465714408235262
3.330397073,0.968062168193932,-1.17968210994807,0.237816494544012,0.311343636274749
1.488006062,-1.06119001996512,-1.17870550053595,0.355705488807636,-0.258449887851943
3.756304773,0.808758021734354,-1.24077967071773,-0.0402613395792418,0.291657407653564
2.083675838,-0.623049728804324,-1.56156218463772,-0.0317171592016013,0.755100912710747
3.83887855,0.686791700733644,-1.7019839692591,0.351380073224754,-0.291105931489917
2.185926865,-0.313919481298997,-1.80645304387764,0.191401082923307,-0.144632325203467
4.192996029,0.792343307371653,-2.04888315988099,-0.330502217694441,0.281239857709391
1.625181473,-0.754460687026069,-1.56104806101907,-0.0747901638156026,0.0809731078964054
4.19022229,0.285092874977717,-1.14950054075199,-0.437577263161377,-0.180654794524831
1.676520772,0.0640868334970956,-1.77251591166084,-0.339646694802365,-0.346699863720451
3.700341831,-0.0217400618603332,-1.98537669979144,-0.112008984334532,-0.0377726771395304
2.022343703,-0.257207896082084,-1.99165342668522,-0.0479259737635977,0.0533407218091782
4.056661285,0.374280625231603,-1.99383078181453,-0.0871445274434856,0.201645085265175
2.510723241,-0.123691984955924,-1.85342272006363,-0.0276979241317584,-0.147277180025775
4.095804604,0.0363445287136621,-1.56334812440048,-0.109624255119891,-0.283946959800725
2.65722948,0.775640849327825,-1.45884456243467,-0.0933468598777271,0.223113176130615
4.331864223,-0.633664009900638,-1.95461144634881,0.0800555143252883,-0.867343668373334
3.079047417,0.49128138526882,-1.96161385882728,0.425363704023953,0.0298455513469821
4.875535196,-0.987779263651168,-1.78288676534793,0.559641403612336,0.536118652902939
3.754006217,1.29527847790411,-1.62671058256271,-0.279015045496181,0.0674040594938505
5.610031053,-1.00450325472011,-1.70255574910925,-0.159290578127832,-0.202829208060628
3.542426128,0.493485933016746,-1.69705862634936,0.449559000255928,0.19724602479949
5.608250226,-0.357360810918054,-1.21682001769038,0.171633115964422,-0.494105470492068
3.808726492,0.598791253868953,-0.709243466373651,0.247121661019872,-0.289973731630447
5.834287474,-0.902925816281152,-0.654292203771195,0.816266376998317,0.229668515577773
4.45009742,0.548159530468377,-1.10081585481145,0.399963722153533,0.298506419171063
5.83019707,-0.276858592770699,-1.43389093323596,0.0792383035692848,-0.115989937858181
4.414797589,0.313987073141633,-0.851520456966009,-0.4368913755912,-0.164458436472474
5.730067567,-0.434211894575946,-0.957975585736248,-0.582972687326331,0.200844368351176
4.399380783,-0.0100765843536911,-1.05708463422656,-0.43483146663703,-0.0444245495726478
6.173319952,-0.0468730968908427,-1.25692455683749,-0.311427723040986,0.0783052690423695
4.523595268,-0.484526417173267,-1.02676302601455,0.220286863574562,-0.352188471493893
5.897268884,-0.207022969290854,-1.07521278640417,0.0436410264417279,0.0601077617382282
4.79635987,0.178438773890383,-0.975519435205923,0.0117052945055271,0.243415249186876
5.804048153,-0.259914747662284,-0.773792300365201,0.0155122220116579,-0.276100130332529
4.147791537,0.431591285102457,-0.915079498478961,0.377147246572663,0.0267645691776611
5.157601251,0.0839782100897413,-1.01350520611505,0.471921153498498,-0.179514598004588
3.806308876,-0.458476541646243,-1.06298722612112,0.0336394676806733,0.101732154473526
4.819777687,0.0678401593743579,-1.44259686395507,0.34092757018496,0.230761607854662
3.919859787,-0.413262195304719,-0.772834858116281,-0.200907614699778,-0.55565434822146
4.861401497,-0.0998089262957374,-0.452987026405832,-0.450354376870765,0.578626904123437
4.697984508,0.382674680515832,-0.991688800935646,-0.403684817350125,-0.585287491413367
5.395633425,-0.030258390195974,-0.542978980728663,0.113272713124165,0.149189482085597
4.716326575,-0.363601963069201,-0.57534429907637,0.688515008397001,0.435870525510563
5.172834489,0.469690253820981,-0.145102810934049,0.0161372421582925,-0.0485319079807696
4.269710433,-0.0757862294448523,-0.289638744540498,0.215484596259229,-1.19350023251358
5.2720578,-0.20143477491708,-0.676550329599916,0.285767000639614,0.494130815879401
4.473918551,0.665462091440548,-0.890593073180724,0.148982993227917,0.0188521275378283
4.615714993,-0.518349248038535,-0.946476831520717,-0.105105823614104,-0.095137415606294
4.18937875,0.935499368277548,-1.39421911251318,0.0918801001575854,0.457741380706272
4.506186059,-0.762720438978297,-1.84931842182933,0.584342728102885,-0.269507863436246
3.477431466,0.674907684574645,-1.5986779892553,0.640850489193395,0.151157822227435
4.519145808,-1.35965909635861,-1.51436008292899,-0.273993697969204,0.212689668261082
3.881339303,1.06728306198028,-1.68282602147387,-0.220243461860197,-0.470584816141235
4.835012009,-0.940255161201545,-1.42777647103397,0.097501655565984,-0.279520550705195
3.45187428,0.764548147649886,-1.35284970590618,0.522278345651962,-0.203222657674203
4.715119944,-0.670980160495109,-1.41888512995741,0.449425515116455,0.546322819889932
3.10672583,0.471604058860682,-1.34713930392164,0.286090757906865,-0.533525838670088
4.711713095,-0.537893044480464,-1.63070817929182,-0.016676166031965,0.350705384581507
3.198935167,0.653703900389122,-1.56311808371798,0.244158948921755,-0.371645380752696
4.711539344,-1.33459979452382,-1.16896791055638,0.206511425493693,0.122249493142223
3.278666411,1.15890720665278,-1.40392662889022,0.364996408859061,-0.100340407200646
4.707939913,-0.370522067006048,-1.4378319528021,0.319213158535853,-0.0334000382132788
3.451765203,0.547208943642906,-1.09165280933424,0.398332427503976,-0.0336563466644145
4.634247598,-0.666748426573431,-0.809111859697027,0.722875355324974,-0.402145044520174
2.971730829,0.484782059960886,-1.50916712968018,-0.107093671688831,0.0279626037711218
4.897132252,0.076643099392941,-1.23466591307678,-0.284245687202588,0.184981402168788
3.910408033,-0.508198614828913,-0.925301523773034,0.279233836816217,-0.00805255934672201
4.96038757,0.490102261966402,-0.870766558868157,-0.398635352562159,0.318984007098157
4.738755792,-0.451705394204255,-1.27529066472941,-0.00226495805033261,0.525984869363965
5.47758163,0.567030763062102,-1.5842026544797,0.670043274848194,0.0499189021192709
4.144111108,-0.544114022502349,-1.86374386803725,0.229447020401188,-0.509340544530921
4.977814762,0.412785201337248,-1.6058267563376,-0.0166943346630824,0.376483290569484
4.552315913,-0.839105889047889,-1.95554466615747,0.339928592352178,-0.0963431803365473
5.609068961,0.841894596049016,-1.71413569183229,0.213706862070727,-0.785521970299404
4.109221258,-1.01848776278287,-1.40243898090803,0.204965128194563,0.482077957584207
5.985731472,0.820835963604685,-1.13898971011883,-0.177516546553957,0.384618498920433
4.051608278,-1.16265351260685,-1.07326337942824,0.556005802494489,-0.257479607936352
5.801813608,0.732114832473261,-0.735939533140708,0.356717732778314,-0.110411391901254
4.329141803,-0.322954313813357,-0.842780649124575,0.0868218351248291,-0.0355398098593839
5.940862193,0.775809316992003,-1.6991508130711,0.122959135134675,-0.396305906217981
4.134836936,-0.355330691357329,-1.79695833383434,-0.180493488232976,-0.123933610140714
5.594522561,1.05736473325768,-1.56506583480776,-0.580038956995548,-0.0902158363048201
3.911857465,-1.31910445052694,-1.45678785583361,-0.750325218040051,1.1979771618017
5.711607269,1.36920871093902,-1.16500605886537,-0.339008800429042,0.14014530857149
3.443763886,-1.10786690123532,-1.38389042553389,-0.133553938310039,-0.0374135308865196
5.866349659,0.897326600604662,-1.77107978922245,-0.0582576808652511,0.469068005525247
3.588600183,-0.881832062579435,-1.70479248688393,0.2057538183765,0.037033669467648
5.993476403,1.15718670208107,-1.62729532529873,-0.190561948293243,0.341155270057419
4.116358975,-1.52838268895594,-1.3773054626754,-0.391447679490806,-0.14949948576184
6.066939706,1.34022106623272,-1.93033358060405,-0.572195596452577,0.0619222571500398
4.162058833,-1.69856939829084,-1.9851329336508,-0.117115761505639,-0.00601131903320139
5.986314132,1.57951457908704,-2.03181121818348,0.122425842532872,0.142686255881721
4.672538949,-1.38904463650495,-1.63997498355938,0.459930893928473,-0.597261519429143
5.717839172,1.49351623167853,-1.5371103334062,0.468904515228042,0.272403138103672
4.004314989,-1.76779271772418,-1.68101643587818,0.427593437603568,0.580687546959186
5.746661064,1.86626808996748,-1.54139993616453,0.0251280309225389,0.203990978775239
4.448291617,-1.97449981426123,-1.3866078796061,0.296789925414502,-0.513340543838148
5.680469674,1.43252271926536,-1.23558489457363,0.479241216449013,-0.106305292049529
4.72800162,-1.58249035310486,-1.40604486371031,0.186355204655399,0.296950564162038
5.701860452,1.10167067094455,-1.32626564966163,0.203397284493766,0.418376342675974
4.523653011,-0.337051088713795,-1.53711936965573,-0.0260529066933024,-0.38805680748291
5.24307681,0.0485760129569823,-1.15678966961224,0.217071496694418,0.546013204078181
4.623067998,0.132751135533002,-0.566156550393223,0.0124151087917973,-0.121327406266307
5.372929582,-0.302028027494629,-0.288852545469687,-0.40494478409155,-0.971594909333532
4.653255962,0.209287082248372,-0.301393935848167,0.0303835549187185,0.304211394044281
5.0500671,0.224393861132574,-0.202839960000507,0.0293651343414996,-0.163988058138917
4.674032919,-0.21283344509005,-0.368518101419095,-0.0432483290767275,-0.321908650849926
4.907843869,0.473164312262635,-0.0419337970547889,-0.27714035288609,0.234684721827709
4.886097017,0.348960083554421,-0.177807964029992,-0.362847718091507,0.00350541322646129
4.986444927,-0.0466378159778019,-0.0696294761902156,0.155189589964972,-0.241033358321584
4.591308542,0.115314306030235,0.26554266819423,-0.29695195424797,0.308521319488216
4.71442861,-0.100663023784477,0.601020643524994,-0.485540057945306,0.381805536382749
4.391366169,0.5262146476229,0.377307145761186,-0.398402383580256,-0.0196627766840195
4.42131064,-0.612931332006509,0.429688147982361,-0.277613975204206,0.241613940457389
3.845025875,1.17227517682958,0.405924616043144,-0.273540589381798,-0.416403339732309
4.860605453,-1.24297618209725,0.770131087773949,-0.0512208208791323,0.771345720065384
4.292498821,1.51651312901402,1.10149405219453,0.230430548445983,-0.429727693843153
4.413163938,-1.37331390933849,1.56295238350018,-0.363244900567567,0.0631148578902753
4.650860496,1.53456582203657,1.32706248056915,-0.366817014503868,-0.215297612514994
4.20704626,-1.6247959133929,1.16880476778833,0.0555050652117967,0.29063688610618
4.513796225,1.82916717191956,0.87532336919668,0.197589795309037,0.486862243256914
4.162248382,-1.53884285843204,0.678870062556034,0.629938496160546,-0.610531243447643
4.209979184,1.81130832135259,1.06079619450165,0.658687814568061,-0.130204271861817
4.219056584,-1.61410760618996,0.919424742199588,-0.130655881013304,0.375978123888289
3.634049381,1.76417121294765,1.02437742455584,-0.0478521650053809,-0.768370212595781
4.337628839,-1.62536182802889,0.516336621734749,0.133685867006185,0.628012347961759
4.110543043,1.38805089508882,0.0836296259854295,0.501878614561706,-0.198077346245202
4.197901104,-1.57039851179296,0.246033944377126,0.00695669992536818,0.486084375792241
3.810267696,1.77408383120448,0.168683401000783,0.184073904322133,-0.343553312165441
3.757228639,-2.27831177673674,0.743289679418965,0.493787167228185,-0.362498185625589
3.583327051,2.35201083902114,0.885491514703229,-0.434179769054219,0.199395355939059
3.672943416,-2.35749473224153,0.704818073194986,-0.105574814723426,0.229229577253196
3.673294373,2.18377774330726,0.606462059355209,0.269310590563577,-0.434691957162403
3.850366541,-2.13553373899994,0.0590568144165394,0.474368922074289,0.302161186330192
3.93973674,2.19000932634051,-0.174454395266217,0.576481408648313,0.610181878290802
3.751675286,-2.24189881073935,-0.138992461153263,0.387131218535891,-0.31321120180491
3.558104433,2.45099946790922,-0.720874934458807,-0.100549899488203,-0.27524769582527
3.759099945,-1.82318596258415,-0.846027519646963,0.214643565712542,0.187111502781328
3.589718443,2.36040683042711,-0.536562646160631,0.0499123626663219,-0.289680857005749
3.53904893,-2.80522393574134,-0.659700956303469,-0.0520159413682842,0.431139334938883
3.526073167,2.51039801151502,-0.787108844046678,-0.621865836920337,-0.0589903036528614
3.546052123,-2.58967354739305,-1.35223248805589,0.104025447324934,-0.259539235104307
4.040129753,1.85133750304468,-1.58738247566865,0.49857067154276,0.390961242171383
4.153852501,-1.78851903461348,-1.36489315372254,-0.322666271521003,0.345904197804143
4.420866347,2.05814229231131,-1.52424685929779,0.143492753120402,-0.0835335306242261
4.622058945,-1.44746783141304,-1.5374192189296,0.212335109742535,-0.171755422470279
3.898791674,1.28781977002245,-1.41578661953107,0.427128690799204,-0.242715963899773
4.641503619,-1.30092207871654,-2.02808467208775,0.506490367060277,0.309018655226742
4.055596549,1.47679512500568,-2.26662153357135,0.172653633537768,-0.245728677982254
4.413990451,-1.4589330870408,-1.71793875591877,0.0249432552870127,0.26293756566105
4.050119704,1.56870215480525,-1.68509847706811,0.20366392465969,0.0665044239358368
4.779252492,-1.25386572116078,-1.60023258271784,0.096159540500863,0.416107244190436
4.017208143,1.50492109837134,-1.31408489782855,-0.206406012889339,-0.667953942497628
4.547622499,-0.748254865915911,-0.876851432920651,-0.28970670598584,0.546989887797476
4.03258101,0.72045775062462,-0.702248957555564,-0.46719305578656,-0.749822650448692
4.57923516,-0.736030873861474,-0.458603170359107,-0.106196866949356,0.204406157557294
4.106852363,0.72614089526623,0.0647373120387777,-0.223630689873243,-0.124535207697051
4.293696893,-0.918122587101288,0.21158004905971,0.263429215163178,-0.181821177586834
3.852615493,0.651105112221296,0.132070849270142,0.213113011930561,0.0530600290738458
3.971960433,-0.630475590021424,0.462350505305577,0.200579131784969,-0.313907099766144
3.916482618,0.591495925405158,0.238704838310071,-0.276505844032387,0.549930264168431
3.776095661,-1.11498863454652,-0.270077695091328,-0.779676758611092,-0.311994208191054
3.798896237,1.01855309074794,-0.165772901981996,-0.353929451157701,-0.321050345431295
3.613854031,-1.53825200537286,-0.0672918382235247,0.0377328933609422,0.296640100487513
2.953483021,0.94782963061552,0.158726537826657,-0.0165665963407061,-0.177512500095771
3.733454368,-0.545995596198529,0.0736886875288424,-0.403853759597653,-0.584381039049332
3.390315811,0.456471424332291,0.656420270052341,-0.232747774285054,0.746707014137325
3.535129144,-0.661730251774011,0.9565539651252,0.314780065251581,-0.491411505931361
3.313269013,0.984434425941738,1.34303973199601,-0.402052795313172,0.138727337839962
3.446117919,-0.749162214377396,1.11256152080343,-0.356478970968426,-0.245761377131318
3.423908589,1.16075996606356,1.24241331121383,-0.17494411195074,0.029268534017287
3.230733417,-1.06581220736499,1.41895995860466,-0.0531120996819056,-0.132341318505732
3.476561197,0.961525821633784,0.922637518530346,-0.19298981498897,0.106472516595171
3.673027156,-0.751360424596224,0.658715303325777,0.178807095862579,-0.214882165557998
2.916825917,1.16898508259707,1.00964559041061,0.147156921775846,-0.276190866530606
3.298198268,-1.44287931704835,0.356307456645575,0.311486475771504,-0.265934158252362
2.669471767,1.70919201014293,-0.102065406733237,0.100935552176556,0.859278205763707
3.569576531,-1.45475262620226,-0.227158738751381,-0.210009285258735,-0.75175147067833
2.912283928,1.80955448414477,-0.216594673906459,-0.0906678986218392,-0.125077766910304
3.429149632,-2.41515449396829,0.0806934570439445,-0.545502152404324,-0.185169862936942
2.935749584,2.25648945725177,-0.325136321024392,-0.22250922803728,0.467833435260599
4.006063971,-2.4143969360775,-0.144980174355825,-0.181736024171811,-0.153744612736081
3.06703751,2.26682387847247,0.104745516772405,-0.111870212454866,0.123976363871967
4.043466871,-1.70918894183409,0.428284508903781,-0.45039615504207,-0.264357374623913
2.980449506,1.50882792107436,0.590381638100965,-0.404877487238238,-0.260644540775249
4.118308892,-1.66313409403992,0.379292400473984,0.0400027640743229,-0.208496085353861
2.732090671,1.70561292092111,0.371467965138035,-0.132585737896765,0.243655568430419
4.601571032,-2.11169223453724,0.130258061656935,-0.681386028168667,-0.105604657164945
2.392663778,2.07079182249814,0.282223802047114,0.0870472588357536,-0.764555031904502
4.606377424,-1.43460403112395,-0.052525183782211,0.0157200144333416,0.121885492492808
2.002436325,1.20293717922428,-0.0532114994961254,-0.754959122718731,0.488023248285026
4.74511164,-0.639119204221975,-0.282870336704169,-0.151322629249179,0.164945819495916
2.029988508,0.826035700194355,-0.543961696435101,-0.0732538487410817,-0.263507098012164
4.792236305,-1.31921370110608,-0.185322797163625,-0.101157733410794,0.169495379651074
2.309534409,1.25880598691187,-0.161902726807604,-0.0511339238425315,-0.353024953085395
5.169011362,-1.29950772658795,-0.264247081603265,0.78664567972603,0.107201574799725
3.108184013,1.29485071967886,-0.113957803953806,0.265181351787895,-0.528655353541117
4.86406649,-1.26499744868759,0.0937089657392206,0.11153474322691,0.0565057977640893
3.360565145,1.28038353511818,0.537694181496761,0.3831764907891,0.473307827107284
4.260086021,-0.920694692782205,0.470032069379558,0.751203128410359,-0.304279011546254
3.298347083,1.46479232041303,0.164684616494972,0.27980263613935,-0.0832495941256179
4.061037176,-1.46083211883471,0.361036910078509,0.351252174585445,0.117715944427633
3.29475708,1.34466430181532,-0.0193829862636556,-0.00234998274973494,-0.358458868006018
3.864203749,-1.63520231738568,-0.489352937556125,0.179670673274616,0.136291359015583
3.013698573,1.42335390756047,-0.627707407422069,0.274819322642537,0.238498115883168
3.964252699,-1.41211301142529,-0.91781248791649,0.298002207690944,-0.349543571277836
2.884078818,1.50173780477662,-1.03037021388565,-0.187006207924981,0.607903145351676
4.052536405,-1.75975353612537,-1.54355289293228,0.166157191920221,-0.149675688959957
3.45122482,1.62338835883929,-1.69069318982644,0.0337269300717669,0.216410065460423
4.521538737,-1.95560284954878,-1.82646432454106,0.39656982864484,-0.124163459713848
3.686347927,1.68019240012298,-1.74405811559443,0.162976342429623,-0.198658140392274
4.739729548,-1.58063426857875,-1.43155672443,-0.312690330433497,-0.0421810899852056
4.50646484,1.09463550120096,-1.3474255816538,-0.066875767271479,0.390625949444886
4.838704408,-1.37087365351804,-1.63549850180159,-0.392102645972269,0.0212149181807515
4.625436487,1.47215730391037,-1.91724944960794,0.24566683909165,0.0447945404550943
4.661876772,-1.43193956036704,-1.23509416351272,0.293840510418644,-0.666171052338152
4.987522371,1.62083466262427,-0.399420834113141,-0.0462951393470545,0.471683090432108
4.566830956,-1.35646847391667,0.408204208679436,-0.396712420944337,-0.2968871763988
4.67112506,1.18938045120306,0.303244914762953,0.130230030772852,0.395929554466292
5.136511485,-1.20523904527444,0.0695975580571169,0.329624830924654,-0.211289991025672
4.842857313,1.06775468668573,-0.201474162533444,0.542590315978228,-0.207362452612332
4.986509963,-1.14143505748657,0.0041050127869996,-0.21400410667864,0.254556397239732
4.871950604,1.48557574137542,0.686451405110172,-0.626091198514899,-0.262623649868897
5.290048941,-2.1893854852476,0.657738235509692,-0.196852879118941,0.758647765147917
4.821766454,1.86327409743154,0.80075369425528,-0.351615025272176,0.324035853496778
4.766877365,-1.72708031622791,1.00725282697981,-0.313380787237126,-0.416397222801095
4.284472501,1.71902456089048,1.32476829242033,0.0493338307560791,-0.209835965935918
4.773310492,-1.82955553742374,1.09528504645657,-0.766720592179107,-0.276100121937083
4.175301121,1.95375788793706,0.461775195379715,-0.183909689422541,0.562889397557796
4.323289533,-1.54127250399014,0.258452938055933,0.323513210883174,-0.405350018485528
4.102743427,1.87955071154513,0.282173699209265,-0.182546067194126,0.643887113214427
